CallID,StartTime,AnsweredTime,UserID,UserName,FromNumber,ToNumber,IVRName,direction,IsAnswered,LastState,TotalDuration
CALLID11881039196863861710,2026-03-20 16:47:26,2026-03-20 16:47:48,USER23365532,Shannen Hector,Unknown,33650406901,Pôle FA - MIDEA,out,true,ANSWERED,359
CALLID4787534904826440615,2026-03-20 15:49:21,Invalid Date,USER23365532,Shannen Hector,Unknown,352661978302,Pôle FA - MIDEA,out,false,CANCELLED,8
CALLID11226685799113984998,2026-03-20 15:45:56,2026-03-20 15:46:13,USER23365532,Shannen Hector,Unknown,33641863524,Pôle FA - MIDEA,out,true,ANSWERED,100
CALLID5775916968707741635,2026-03-20 15:42:24,Invalid Date,USER23365532,Shannen Hector,Unknown,33671210404,Pôle FA - MIDEA,out,false,FAILED,41
CALLID11269991674391967957,2026-03-20 14:00:31,2026-03-20 14:00:32,USER23365532,Shannen Hector,Unknown,33488781105,Pôle FA - MIDEA,out,true,ANSWERED,40
CALLID8658116135009419473,2026-03-20 13:42:44,2026-03-20 13:42:48,USER23246882,Loana Nibert,Unknown,33140101100,Pôle FA - MIDEA,out,true,ANSWERED,28
CALLID3474082034768291508,2026-03-20 11:56:12,2026-03-20 11:56:20,USER23365532,Shannen Hector,33950001608,33465847139,Pôle FA - MIDEA,in,true,ANSWERED,374
CALLID7866965229343669672,2026-03-20 10:42:46,2026-03-20 10:42:55,USER23365532,Shannen Hector,33646304525,33465847139,Pôle FA - MIDEA,in,true,ANSWERED,743
CALLID15194726136882269142,2026-03-20 09:14:45,2026-03-20 09:14:47,USER23277698,Anaelle Grandport,Unknown,33688822345,Pôle FA - MIDEA,out,true,ANSWERED,44
CALLID18124436438470016104,2026-03-20 08:24:02,2026-03-20 08:24:16,USER23335751,Megane  Jolicoeur,Unknown,33670741900,Pôle FA - MIDEA,out,true,ANSWERED,60
CALLID11225161410067894838,2026-03-20 08:17:36,2026-03-20 08:17:49,USER23335751,Megane  Jolicoeur,Unknown,33752623339,Pôle FA - MIDEA,out,true,ANSWERED,87
CALLID17752097607372524671,2026-03-20 08:16:15,2026-03-20 08:16:28,USER23335751,Megane  Jolicoeur,Unknown,33767460081,Pôle FA - MIDEA,out,true,ANSWERED,57
CALLID11293532927472885918,2026-03-20 16:53:38,2026-03-20 16:53:42,USER23365532,Shannen Hector,Unknown,33683431055,Pôle FA - MIDEA,out,true,ANSWERED,40
CALLID13590093838917645848,2026-03-20 16:26:11,2026-03-20 16:26:19,USER23365532,Shannen Hector,Unknown,33629133242,Pôle FA - MIDEA,out,true,ANSWERED,376
CALLID1728413340025262649,2026-03-20 15:43:14,2026-03-20 15:43:22,USER23365532,Shannen Hector,Unknown,33671210404,Pôle FA - MIDEA,out,true,ANSWERED,72
CALLID7252806425668543390,2026-03-20 08:07:26,2026-03-20 08:07:30,USER23335751,Megane  Jolicoeur,Unknown,33764355725,Pôle FA - MIDEA,out,true,ANSWERED,91
CALLID3581763609170504868,2026-03-20 15:36:47,2026-03-20 15:36:49,USER23365532,Shannen Hector,Unknown,33488781105,Pôle FA - MIDEA,out,true,ANSWERED,30
CALLID2062201454644400402,2026-03-20 13:43:18,2026-03-20 13:43:22,USER23246882,Loana Nibert,Unknown,33149487684,Pôle FA - MIDEA,out,true,ANSWERED,34
CALLID3091941071696339068,2026-03-20 12:53:47,2026-03-20 12:54:00,USER23365532,Shannen Hector,Unknown,33680820341,Pôle FA - MIDEA,out,true,ANSWERED,48
CALLID606322348900732805,2026-03-20 08:29:20,2026-03-20 08:29:44,USER23335751,Megane  Jolicoeur,Unknown,33683116462,Pôle FA - MIDEA,out,true,ANSWERED,80
CALLID14962596803052002156,2026-03-20 08:26:40,2026-03-20 08:27:06,USER23335751,Megane  Jolicoeur,Unknown,33622920032,Pôle FA - MIDEA,out,true,ANSWERED,71
CALLID18376881290972364724,2026-03-20 08:21:23,2026-03-20 08:21:48,USER23335751,Megane  Jolicoeur,Unknown,33634423903,Pôle FA - MIDEA,out,true,ANSWERED,77
CALLID14862635921799866446,2026-03-20 08:10:35,2026-03-20 08:11:33,USER23335751,Megane  Jolicoeur,Unknown,33612948519,Pôle FA - MIDEA,out,true,ANSWERED,59